archivo,dia,nest_attentiveness_day,duracion_total_on,duracion_intervalo_day,inicio_intervalo,fin_intervalo,avg_duracion_on,avg_duracion_off,avg_duracion_nocturnal,n_eventos_on,n_eventos_off,avg_temp_ambient_diaria,especie,nido_id,sp,sp_old,cod_del_nido,Elevacion,Largo_mm.2,Ancho_mm.2,Peso_g,egg_mass_rel,egg_roundness
Myrmotherula_hauxwelli_P02a_AJRC13_processed,0,0.07037643207855974,43.0,611.0,13.0,623.0,37.375,72.8,206.5,8,10,24.100520833333334,Myrmotherula hauxwelli,P02a_AJRC13,Isleria hauxwelli,Isleria_hauxwelli,P02_AJRC13,400.0,17.1,12.7,1.7,0.1619047619047619,0.7426900584795321
Myrmotherula_hauxwelli_P02a_AJRC13_processed,1,0.26973684210526316,41.0,152.0,6.0,157.0,24.714285714285715,73.42857142857143,753.0,7,7,24.383800694444446,Myrmotherula hauxwelli,P02a_AJRC13,Isleria hauxwelli,Isleria_hauxwelli,P02_AJRC13,400.0,17.1,12.7,1.7,0.1619047619047619,0.7426900584795321
Myrmotherula_hauxwelli_P02a_AJRC13_processed,3,0.15235885537509666,197.0,1293.0,37.0,1329.0,58.5,67.2,435.0,4,5,22.00095486111111,Myrmotherula hauxwelli,P02a_AJRC13,Isleria hauxwelli,Isleria_hauxwelli,P02_AJRC13,400.0,17.1,12.7,1.7,0.1619047619047619,0.7426900584795321
Myrmotherula_hauxwelli_P02a_AJRC13_processed,4,0.37681159420289856,52.0,138.0,14.0,151.0,44.285714285714285,87.0,521.0,7,7,24.185844444444445,Myrmotherula hauxwelli,P02a_AJRC13,Isleria hauxwelli,Isleria_hauxwelli,P02_AJRC13,400.0,17.1,12.7,1.7,0.1619047619047619,0.7426900584795321
Myrmotherula_hauxwelli_P02a_AJRC13_processed,5,0.49523809523809526,52.0,105.0,37.0,141.0,67.0,33.285714285714285,805.0,6,7,24.988724305555554,Myrmotherula hauxwelli,P02a_AJRC13,Isleria hauxwelli,Isleria_hauxwelli,P02_AJRC13,400.0,17.1,12.7,1.7,0.1619047619047619,0.7426900584795321
Myrmotherula_hauxwelli_P02a_AJRC13_processed,6,0.4896551724137931,71.0,145.0,2.0,146.0,22.36842105263158,15.5,798.0,19,14,21.31203611111111,Myrmotherula hauxwelli,P02a_AJRC13,Isleria hauxwelli,Isleria_hauxwelli,P02_AJRC13,400.0,17.1,12.7,1.7,0.1619047619047619,0.7426900584795321
Myrmotherula_hauxwelli_P02a_AJRC13_processed,7,0.47619047619047616,60.0,126.0,42.0,167.0,38.18181818181818,16.90909090909091,834.0,11,11,18.90511597222222,Myrmotherula hauxwelli,P02a_AJRC13,Isleria hauxwelli,Isleria_hauxwelli,P02_AJRC13,400.0,17.1,12.7,1.7,0.1619047619047619,0.7426900584795321
Myrmotherula_hauxwelli_P02a_AJRC13_processed,8,0.7454545454545455,123.0,165.0,2.0,166.0,30.923076923076923,22.384615384615383,747.0,13,13,22.77886388888889,Myrmotherula hauxwelli,P02a_AJRC13,Isleria hauxwelli,Isleria_hauxwelli,P02_AJRC13,400.0,17.1,12.7,1.7,0.1619047619047619,0.7426900584795321
Myrmotherula_hauxwelli_P02a_AJRC13_processed,9,0.5159235668789809,81.0,157.0,1.0,157.0,52.0,27.75,802.0,8,8,24.566547916666664,Myrmotherula hauxwelli,P02a_AJRC13,Isleria hauxwelli,Isleria_hauxwelli,P02_AJRC13,400.0,17.1,12.7,1.7,0.1619047619047619,0.7426900584795321
Myrmotherula_hauxwelli_P02a_AJRC13_processed,10,0.3333333333333333,41.0,123.0,49.0,171.0,62.57142857142857,22.0,848.0,7,7,24.779124305555555,Myrmotherula hauxwelli,P02a_AJRC13,Isleria hauxwelli,Isleria_hauxwelli,P02_AJRC13,400.0,17.1,12.7,1.7,0.1619047619047619,0.7426900584795321
Myrmotherula_hauxwelli_P02a_AJRC13_processed,11,0.12788632326820604,72.0,563.0,7.0,569.0,77.6,63.166666666666664,336.5,5,6,24.302327777777776,Myrmotherula hauxwelli,P02a_AJRC13,Isleria hauxwelli,Isleria_hauxwelli,P02_AJRC13,400.0,17.1,12.7,1.7,0.1619047619047619,0.7426900584795321
Myrmotherula_hauxwelli_P02a_AJRC13_processed,12,0.22787610619469026,103.0,452.0,18.0,469.0,38.75,41.6,559.0,12,10,19.87307361111111,Myrmotherula hauxwelli,P02a_AJRC13,Isleria hauxwelli,Isleria_hauxwelli,P02_AJRC13,400.0,17.1,12.7,1.7,0.1619047619047619,0.7426900584795321
Myrmotherula_hauxwelli_P02a_AJRC13_processed,13,0.20489795918367346,251.0,1225.0,74.0,1298.0,54.166666666666664,23.833333333333332,486.0,6,6,18.005613888888888,Myrmotherula hauxwelli,P02a_AJRC13,Isleria hauxwelli,Isleria_hauxwelli,P02_AJRC13,400.0,17.1,12.7,1.7,0.1619047619047619,0.7426900584795321
Myrmotherula_hauxwelli_P02a_AJRC13_processed,14,0.05436447166921899,71.0,1306.0,30.0,1335.0,14.428571428571429,59.75,430.5,7,8,20.868443055555556,Myrmotherula hauxwelli,P02a_AJRC13,Isleria hauxwelli,Isleria_hauxwelli,P02_AJRC13,400.0,17.1,12.7,1.7,0.1619047619047619,0.7426900584795321
Myrmotherula_hauxwelli_P02b_AJRC13_processed,1,0.5098882201203784,593.0,1163.0,1.0,1163.0,52.416666666666664,20.846153846153847,270.0,12,13,23.78886597222222,Myrmotherula hauxwelli,P02b_AJRC13,Isleria hauxwelli,Isleria_hauxwelli,P02_AJRC13,400.0,17.1,12.7,1.7,0.1619047619047619,0.7426900584795321
Myrmotherula_hauxwelli_P02b_AJRC13_processed,2,0.29160063391442154,184.0,631.0,9.0,639.0,38.6,89.0,713.0,5,6,25.062819444444443,Myrmotherula hauxwelli,P02b_AJRC13,Isleria hauxwelli,Isleria_hauxwelli,P02_AJRC13,400.0,17.1,12.7,1.7,0.1619047619047619,0.7426900584795321
Myrmotherulla_hauxwelli_P100a_MASM13_processed,0,0.5452586206896551,253.0,464.0,1.0,464.0,32.09090909090909,39.5,850.0,11,6,21.474856944444447,Myrmotherulla hauxwelli,P100a_MASM13,Isleria hauxwelli,Isleria_hauxwelli,P31_MASM13,376.0,17.8,13.7,1.7,0.1619047619047619,0.7696629213483145
Myrmotherulla_hauxwelli_P100a_MASM13_processed,1,0.48138297872340424,181.0,376.0,83.0,458.0,113.5,58.0,754.0,4,4,23.25317986111111,Myrmotherulla hauxwelli,P100a_MASM13,Isleria hauxwelli,Isleria_hauxwelli,P31_MASM13,376.0,17.8,13.7,1.7,0.1619047619047619,0.7696629213483145
Myrmotherulla_hauxwelli_P100a_MASM13_processed,2,0.6066066066066066,202.0,333.0,115.0,447.0,55.857142857142854,89.33333333333333,513.0,7,6,24.949174305555555,Myrmotherulla hauxwelli,P100a_MASM13,Isleria hauxwelli,Isleria_hauxwelli,P31_MASM13,376.0,17.8,13.7,1.7,0.1619047619047619,0.7696629213483145
Tangara_schrakii_T1_GAL08_processed,0,0.6972972972972973,258.0,370.0,1.0,370.0,61.5,24.666666666666668,726.0,8,9,20.93299861111111,Tangara schrakii,T1_GAL08,Tangara schrankii,Tangara_schrankii,T3_JAG08,985.0,20.8,14.8,2.35,0.1236842105263158,0.7115384615384616
Tangara_schrakii_t1a_GVC08(1)_processed,0,0.5393258426966292,48.0,89.0,1.0,89.0,28.6,18.066666666666666,740.0,15,15,20.538005555555554,Tangara schrakii,t1a_GVC08(1),Tangara schrankii,Tangara_schrankii,T1_GVC08,933.0,20.4,15.0,2.15,0.1131578947368421,0.7352941176470589
Tangara_schrakii_t1a_GVC08(1)_processed,1,0.9452054794520548,69.0,73.0,2.0,74.0,31.38888888888889,11.7,758.0,18,10,19.81335347222222,Tangara schrakii,t1a_GVC08(1),Tangara schrankii,Tangara_schrankii,T1_GVC08,933.0,20.4,15.0,2.15,0.1131578947368421,0.7352941176470589
Tangara_schranki_T1b_GVC_08_processed_soloegg,0,0.7024793388429752,85.0,121.0,5.0,125.0,24.4375,16.941176470588236,761.0,16,17,20.790734722222222,Tangara schranki,T1b_GVC,Tangara schrankii,Tangara_schrankii,T1_GVC08,933.0,20.4,15.0,2.15,0.1131578947368421,0.7352941176470589
Tangara_schranki_T1b_GVC_08_processed_soloegg,1,0.6277372262773723,86.0,137.0,1.0,137.0,19.36842105263158,16.894736842105264,751.0,19,19,19.95522847222222,Tangara schranki,T1b_GVC,Tangara schrankii,Tangara_schrankii,T1_GVC08,933.0,20.4,15.0,2.15,0.1131578947368421,0.7352941176470589
Tangara_schrankii_P04_JCK13_processed,1,0.729050279329609,261.0,358.0,1.0,358.0,93.8,38.666666666666664,739.0,5,6,24.54059652777778,Tangara schrankii,P04_JCK13,Tangara schrankii,Tangara_schrankii,P04_JCK13,432.0,20.8,15.3,2.5,0.13157894736842105,0.7355769230769231
Tangara_schrankii_P08a_JMGP12_processed,0,0.7135036496350365,391.0,548.0,1.0,548.0,78.66666666666667,35.0,758.0,6,6,23.291369444444445,Tangara schrankii,P08a_JMGP12,Tangara schrankii,Tangara_schrankii,P08_JMGP12,389.0,20.0,15.2,2.56,0.13473684210526315,0.76
Tangara_schrankii_P08a_JMGP12_processed,1,0.7087912087912088,387.0,546.0,1.0,546.0,95.2,40.2,763.0,5,5,24.141416666666665,Tangara schrankii,P08a_JMGP12,Tangara schrankii,Tangara_schrankii,P08_JMGP12,389.0,20.0,15.2,2.56,0.13473684210526315,0.76
Tangara_schrankii_P08a_JMGP12_processed,2,0.7334754797441365,344.0,469.0,104.0,572.0,89.83333333333333,37.0,716.0,6,5,24.332906944444442,Tangara schrankii,P08a_JMGP12,Tangara schrankii,Tangara_schrankii,P08_JMGP12,389.0,20.0,15.2,2.56,0.13473684210526315,0.76
Tangara_schrankii_P08a_JMGP12_processed,3,0.5935613682092555,295.0,497.0,1.0,497.0,95.25,64.0,803.0,4,4,24.654402083333334,Tangara schrankii,P08a_JMGP12,Tangara schrankii,Tangara_schrankii,P08_JMGP12,389.0,20.0,15.2,2.56,0.13473684210526315,0.76
Tangara_schrankii_P08a_JMGP12_processed,4,0.7210144927536232,398.0,552.0,12.0,563.0,99.2,44.8,720.0,5,5,24.79392013888889,Tangara schrankii,P08a_JMGP12,Tangara schrankii,Tangara_schrankii,P08_JMGP12,389.0,20.0,15.2,2.56,0.13473684210526315,0.76
Tangara_schrankii_P08b_JMGP12_processed,3,0.6944444444444444,50.0,72.0,3.0,74.0,79.6,55.0,767.0,5,5,24.279608333333332,Tangara schrankii,P08b_JMGP12,Tangara schrankii,Tangara_schrankii,P08_JMGP12,389.0,20.0,15.2,2.56,0.13473684210526315,0.76
Tangara_schrankii_P08b_JMGP12_processed,6,0.46464646464646464,46.0,99.0,1.0,99.0,38.2,31.2,746.0,10,10,23.44329861111111,Tangara schrankii,P08b_JMGP12,Tangara schrankii,Tangara_schrankii,P08_JMGP12,389.0,20.0,15.2,2.56,0.13473684210526315,0.76
Tangara_schrankii_P08b_JMGP12_processed,7,0.2222222222222222,18.0,81.0,7.0,87.0,13.733333333333333,38.23076923076923,737.0,15,13,23.891725694444442,Tangara schrankii,P08b_JMGP12,Tangara schrankii,Tangara_schrankii,P08_JMGP12,389.0,20.0,15.2,2.56,0.13473684210526315,0.76
Tangara_schrankii_P10(b)_JMGP12_processed,1,0.9186991869918699,113.0,123.0,17.0,139.0,66.0909090909091,62.25,215.0,11,8,24.267734027777774,Tangara schrankii,P10(b)_JMGP12,Tangara schrankii,Tangara_schrankii,P10_JMGP12,410.0,20.1,14.6,2.36,0.12421052631578947,0.72636815920398
Tangara_schrankii_P10b_NSTC13_processed,0,0.65,13.0,20.0,462.0,481.0,22.17391304347826,8.875,358.5,23,24,21.627809027777776,Tangara schrankii,P10b_NSTC13,Tangara schrankii,Tangara_schrankii,P10_NSTC13,407.0,21.3,15.0,2.82,0.14842105263157893,0.704225352112676
Tangara_schrankii_P10b_NSTC13_processed,3,0.30612244897959184,390.0,1274.0,2.0,1275.0,49.0,18.88888888888889,439.0,8,9,23.40754375,Tangara schrankii,P10b_NSTC13,Tangara schrankii,Tangara_schrankii,P10_NSTC13,407.0,21.3,15.0,2.82,0.14842105263157893,0.704225352112676
Tangara_schrankii_P10b_NSTC13_processed,5,0.1348973607038123,46.0,341.0,43.0,383.0,55.0,19.09090909090909,285.0,12,11,22.930982569444446,Tangara schrankii,P10b_NSTC13,Tangara schrankii,Tangara_schrankii,P10_NSTC13,407.0,21.3,15.0,2.82,0.14842105263157893,0.704225352112676
Tangara_schrankii_P10b_NSTC13_processed,6,0.2413793103448276,98.0,406.0,58.0,463.0,46.4,22.1,261.5,15,10,23.901648333333334,Tangara schrankii,P10b_NSTC13,Tangara schrankii,Tangara_schrankii,P10_NSTC13,407.0,21.3,15.0,2.82,0.14842105263157893,0.704225352112676
Tangara_schrankii_P13_RVA11_processed,0,0.5341880341880342,125.0,234.0,0.0,233.0,37.90909090909091,57.25,794.0,11,4,20.60666597222222,Tangara schrankii,P13_RVA11,Tangara schrankii,Tangara_schrankii,P13_RVA11,423.0,21.3,15.0,2.82,0.14842105263157893,0.704225352112676
Tangara_schrankii_P13_RVA11_processed,1,0.41361256544502617,79.0,191.0,68.0,258.0,85.8,48.6,768.0,5,5,22.20539652777778,Tangara schrankii,P13_RVA11,Tangara schrankii,Tangara_schrankii,P13_RVA11,423.0,21.3,15.0,2.82,0.14842105263157893,0.704225352112676
Tangara_schrankii_P13b_RVA11_processed,0,0.5434782608695652,125.0,230.0,1.0,230.0,53.166666666666664,36.285714285714285,867.0,6,7,23.293209722222223,Tangara schrankii,P13b_RVA11,Tangara schrankii,Tangara_schrankii,P13_RVA11,423.0,21.3,15.0,2.82,0.14842105263157893,0.704225352112676
Tangara_schrankii_P13b_RVA11_processed,1,0.7573221757322176,181.0,239.0,2.0,240.0,72.83333333333333,21.571428571428573,852.0,6,7,23.017785416666666,Tangara schrankii,P13b_RVA11,Tangara schrankii,Tangara_schrankii,P13_RVA11,423.0,21.3,15.0,2.82,0.14842105263157893,0.704225352112676
Tangara_schrankii_P13b_RVA11_processed,2,0.5652173913043478,195.0,345.0,3.0,347.0,80.16666666666667,36.666666666666664,739.0,6,6,23.034840277777775,Tangara schrankii,P13b_RVA11,Tangara schrankii,Tangara_schrankii,P13_RVA11,423.0,21.3,15.0,2.82,0.14842105263157893,0.704225352112676
Tangara_schrankii_P13b_RVA11_processed,4,0.7915492957746478,281.0,355.0,1.0,355.0,103.6,36.8,738.0,5,5,22.596247916666666,Tangara schrankii,P13b_RVA11,Tangara schrankii,Tangara_schrankii,P13_RVA11,423.0,21.3,15.0,2.82,0.14842105263157893,0.704225352112676
Tangara_schrankii_P13b_RVA11_processed,5,0.1111111111111111,17.0,153.0,30.0,182.0,50.666666666666664,39.0,902.0,6,6,23.937536805555556,Tangara schrankii,P13b_RVA11,Tangara schrankii,Tangara_schrankii,P13_RVA11,423.0,21.3,15.0,2.82,0.14842105263157893,0.704225352112676
Tangara_schrankii_P13c_RVA11_processed,0,0.6430517711171662,236.0,367.0,2.0,368.0,16.318181818181817,15.695652173913043,720.0,22,23,23.038564583333336,Tangara schrankii,P13c_RVA11,Tangara schrankii,Tangara_schrankii,P13_RVA11,423.0,21.3,15.0,2.82,0.14842105263157893,0.704225352112676
Tangara_schrankii_P14a_JAG10_processed,0,0.22186495176848875,276.0,1244.0,60.0,1303.0,48.0,48.333333333333336,407.0,7,6,17.724264583333333,Tangara schrankii,P14a_JAG10,Tangara schrankii,Tangara_schrankii,P14_JAG10,419.0,20.1,14.6,2.36,0.12421052631578947,0.72636815920398
Tangara_schrankii_P21_DAGR12_processed,0,0.4583333333333333,22.0,48.0,42.0,89.0,31.166666666666668,21.0,877.0,12,9,22.894312499999998,Tangara schrankii,P21_DAGR12,Tangara schrankii,Tangara_schrankii,P21_DAGR12,417.0,21.9,14.8,1.95,0.10263157894736842,0.6757990867579909
Tangara_schrankii_P21_DAGR12_processed,1,0.42857142857142855,18.0,42.0,123.0,164.0,46.166666666666664,26.714285714285715,699.0,12,7,23.700011111111113,Tangara schrankii,P21_DAGR12,Tangara schrankii,Tangara_schrankii,P21_DAGR12,417.0,21.9,14.8,1.95,0.10263157894736842,0.6757990867579909
Tangara_schrankii_P21_DAGR12_processed,2,0.325,13.0,40.0,15.0,54.0,58.625,22.625,790.0,8,8,24.083606944444444,Tangara schrankii,P21_DAGR12,Tangara schrankii,Tangara_schrankii,P21_DAGR12,417.0,21.9,14.8,1.95,0.10263157894736842,0.6757990867579909
Tangara_schrankii_P21_DAGR12_processed,4,0.5111111111111111,69.0,135.0,4.0,138.0,9.515151515151516,15.035714285714286,705.0,33,28,25.555708333333335,Tangara schrankii,P21_DAGR12,Tangara schrankii,Tangara_schrankii,P21_DAGR12,417.0,21.9,14.8,1.95,0.10263157894736842,0.6757990867579909
Tangara_schrankii_P24b_CAB10_processed,1,0.22185970636215335,272.0,1226.0,75.0,1300.0,31.545454545454547,21.545454545454547,428.0,11,11,20.501795833333333,Tangara schrankii,P24b_CAB10,Tangara schrankii,Tangara_schrankii,P24_CAB10,402.0,18.9,15.0,2.45,0.12894736842105264,0.7936507936507937
Tangara_schrankii_P24b_CAB10_processed,4,0.4827586206896552,28.0,58.0,2.0,59.0,29.61111111111111,22.529411764705884,524.0,18,17,21.36403472222222,Tangara schrankii,P24b_CAB10,Tangara schrankii,Tangara_schrankii,P24_CAB10,402.0,18.9,15.0,2.45,0.12894736842105264,0.7936507936507937
Tangara_schrankii_P24b_CAB10_processed,9,0.6087786259541985,319.0,524.0,793.0,1316.0,53.166666666666664,29.285714285714285,458.0,6,7,21.998004166666668,Tangara schrankii,P24b_CAB10,Tangara schrankii,Tangara_schrankii,P24_CAB10,402.0,18.9,15.0,2.45,0.12894736842105264,0.7936507936507937
Tangara_schrankii_P24b_CAB10_processed,11,0.1266607617360496,143.0,1129.0,2.0,1130.0,24.5,37.4,553.0,6,5,21.53774236111111,Tangara schrankii,P24b_CAB10,Tangara schrankii,Tangara_schrankii,P24_CAB10,402.0,18.9,15.0,2.45,0.12894736842105264,0.7936507936507937
Tangara_schrankii_P26_JD13_processed,0,0.6029106029106029,290.0,481.0,0.0,480.0,31.071428571428573,28.22222222222222,751.0,14,9,22.768211111111114,Tangara schrankii,P26_JD13,Tangara schrankii,Tangara_schrankii,P26_JD13,405.0,19.8,14.4,2.22,0.1168421052631579,0.7272727272727273
Tangara_schrankii_P29b_RVA11_processed,0,0.6643109540636042,188.0,283.0,2.0,284.0,41.3,30.5,844.0,10,6,22.93180208333333,Tangara schrankii,P29b_RVA11,Tangara schrankii,Tangara_schrankii,P29_RVA11,409.0,21.4,15.3,2.7,0.14210526315789473,0.7149532710280375
Tangara_schrankii_P29b_RVA11_processed,1,0.4523809523809524,114.0,252.0,93.0,344.0,69.66666666666667,36.5,803.0,6,6,22.437250694444444,Tangara schrankii,P29b_RVA11,Tangara schrankii,Tangara_schrankii,P29_RVA11,409.0,21.4,15.3,2.7,0.14210526315789473,0.7149532710280375
Tangara_schrankii_P29b_RVA11_processed,2,0.4392523364485981,282.0,642.0,5.0,646.0,46.3,20.6,385.5,10,10,22.80257986111111,Tangara schrankii,P29b_RVA11,Tangara schrankii,Tangara_schrankii,P29_RVA11,409.0,21.4,15.3,2.7,0.14210526315789473,0.7149532710280375
Tangara_schrankii_P29b_RVA11_processed,3,0.6057142857142858,212.0,350.0,68.0,417.0,81.66666666666667,39.333333333333336,714.0,6,6,22.11572013888889,Tangara schrankii,P29b_RVA11,Tangara schrankii,Tangara_schrankii,P29_RVA11,409.0,21.4,15.3,2.7,0.14210526315789473,0.7149532710280375
Tangara_schrankii_P31_JAEC_10_processed,0,0.5725075528700906,379.0,662.0,1.0,662.0,49.4,33.2,614.0,10,10,12.502303472222222,Tangara schrankii,P31_JAEC,Tangara schrankii,Tangara_schrankii,P31_JAEC10,392.0,19.9,14.7,2.39,0.12578947368421053,0.7386934673366834
Tangara_schrankii_P31_JAEC_10_processed,1,0.5686274509803921,290.0,510.0,10.0,519.0,13.9,22.416666666666668,754.0,30,12,12.006034722222221,Tangara schrankii,P31_JAEC,Tangara schrankii,Tangara_schrankii,P31_JAEC10,392.0,19.9,14.7,2.39,0.12578947368421053,0.7386934673366834
Tangara_schrankii_P31_JAEC_10_processed,2,0.6268041237113402,304.0,485.0,3.0,487.0,39.5,22.7,818.0,10,10,13.252709722222221,Tangara schrankii,P31_JAEC,Tangara schrankii,Tangara_schrankii,P31_JAEC10,392.0,19.9,14.7,2.39,0.12578947368421053,0.7386934673366834
Tangara_schrankii_P31b_JAEC_10_processed,0,0.6285714285714286,264.0,420.0,3.0,422.0,45.77777777777778,29.88888888888889,759.0,9,9,23.483774999999998,Tangara schrankii,P31b_JAEC,Tangara schrankii,Tangara_schrankii,P31_JAEC10,392.0,19.9,14.7,2.39,0.12578947368421053,0.7386934673366834
Tangara_schrankii_P31b_JAEC_10_processed,1,0.7814070351758794,311.0,398.0,6.0,403.0,67.14285714285714,24.714285714285715,797.0,7,7,23.71061597222222,Tangara schrankii,P31b_JAEC,Tangara schrankii,Tangara_schrankii,P31_JAEC10,392.0,19.9,14.7,2.39,0.12578947368421053,0.7386934673366834
Tangara_schrankii_P31b_JAEC_10_processed,2,0.7587719298245614,346.0,456.0,68.0,523.0,35.857142857142854,12.25,442.0,21,20,21.6326125,Tangara schrankii,P31b_JAEC,Tangara schrankii,Tangara_schrankii,P31_JAEC10,392.0,19.9,14.7,2.39,0.12578947368421053,0.7386934673366834
Tangara_schrankii_P33_RVA11_processed,0,0.6304909560723514,488.0,774.0,1.0,774.0,37.23529411764706,44.1,183.0,17,10,23.903419444444445,Tangara schrankii,P33_RVA11,Tangara schrankii,Tangara_schrankii,P33_RVA11,424.0,20.8,14.4,2.36,0.12421052631578947,0.6923076923076923
Tangara_schrankii_P33_RVA11_processed,1,0.7269076305220884,362.0,498.0,13.0,510.0,68.0,26.428571428571427,779.0,7,7,21.908311805555556,Tangara schrankii,P33_RVA11,Tangara schrankii,Tangara_schrankii,P33_RVA11,424.0,20.8,14.4,2.36,0.12421052631578947,0.6923076923076923
Tangara_schrankii_P33b_RVA11_processed,0,0.8258196721311475,403.0,488.0,1.0,488.0,71.75,26.333333333333332,708.0,8,6,22.91199097222222,Tangara schrankii,P33b_RVA11,Tangara schrankii,Tangara_schrankii,P33_RVA11,424.0,20.8,14.4,2.36,0.12421052631578947,0.6923076923076923
Tangara_schrankii_P33b_RVA11_processed,1,0.5745614035087719,131.0,228.0,96.0,323.0,74.4,37.4,881.0,5,5,23.529757638888892,Tangara schrankii,P33b_RVA11,Tangara schrankii,Tangara_schrankii,P33_RVA11,424.0,20.8,14.4,2.36,0.12421052631578947,0.6923076923076923
Tangara_schrankii_P33b_RVA11_processed,2,0.5921450151057401,196.0,331.0,84.0,414.0,62.857142857142854,30.0,790.0,7,7,23.829680555555555,Tangara schrankii,P33b_RVA11,Tangara schrankii,Tangara_schrankii,P33_RVA11,424.0,20.8,14.4,2.36,0.12421052631578947,0.6923076923076923
Tangara_schrankii_P33b_RVA11_processed,3,0.6827586206896552,198.0,290.0,53.0,342.0,84.4,30.4,866.0,5,5,21.937610416666665,Tangara schrankii,P33b_RVA11,Tangara schrankii,Tangara_schrankii,P33_RVA11,424.0,20.8,14.4,2.36,0.12421052631578947,0.6923076923076923
Tangara_schrankii_P33b_RVA11_processed,4,0.629156010230179,246.0,391.0,46.0,436.0,89.6,37.333333333333336,768.0,5,6,23.327959027777776,Tangara schrankii,P33b_RVA11,Tangara schrankii,Tangara_schrankii,P33_RVA11,424.0,20.8,14.4,2.36,0.12421052631578947,0.6923076923076923
Tangara_schrankii_P33b_RVA11_processed,5,0.7149122807017544,326.0,456.0,1.0,456.0,69.42857142857143,29.285714285714285,749.0,7,7,24.35022986111111,Tangara schrankii,P33b_RVA11,Tangara schrankii,Tangara_schrankii,P33_RVA11,424.0,20.8,14.4,2.36,0.12421052631578947,0.6923076923076923
Tangara_schrankii_P33c_RVA11_processed,0,0.8097826086956522,447.0,552.0,2.0,553.0,75.85714285714286,24.857142857142858,735.0,7,7,24.724209027777775,Tangara schrankii,P33c_RVA11,Tangara schrankii,Tangara_schrankii,P33_RVA11,424.0,20.8,14.4,2.36,0.12421052631578947,0.6923076923076923
Tangara_schrankii_P33c_RVA11_processed,1,0.5579710144927537,308.0,552.0,4.0,555.0,21.736842105263158,15.631578947368421,730.0,19,19,23.568231249999997,Tangara schrankii,P33c_RVA11,Tangara schrankii,Tangara_schrankii,P33_RVA11,424.0,20.8,14.4,2.36,0.12421052631578947,0.6923076923076923
Tangara_schrankii_P33c_RVA11_processed,2,0.6089285714285714,341.0,560.0,4.0,563.0,23.94736842105263,16.263157894736842,676.0,19,19,22.467671527777778,Tangara schrankii,P33c_RVA11,Tangara schrankii,Tangara_schrankii,P33_RVA11,424.0,20.8,14.4,2.36,0.12421052631578947,0.6923076923076923
Tangara_schrankii_P34_CAB10_BAD_processed_soloegg,1,0.6923076923076923,18.0,26.0,17.0,42.0,67.42857142857143,34.57142857142857,726.0,7,7,23.915414583333334,Tangara schrankii,P34_CAB10,Tangara schrankii,Tangara_schrankii,P34_CAB10,376.0,21.3,15.3,2.69,0.14157894736842105,0.7183098591549296
Tangara_schrankii_P36_JPV11_BAD_processed,0,0.22802850356294538,96.0,421.0,1.0,421.0,14.0,15.11111111111111,437.0,21,18,25.01995902777778,Tangara schrankii,P36_JPV11,Tangara schrankii,Tangara_schrankii,P36_JPV11,401.0,20.4,15.5,2.75,0.14473684210526316,0.7598039215686275
Tangara_schrankii_P41_CAB10_processed,0,0.757700205338809,369.0,487.0,1.0,487.0,20.071428571428573,26.625,665.0,28,8,22.653188194444446,Tangara schrankii,P41_CAB10,Tangara schrankii,Tangara_schrankii,P41_CAB10,401.0,19.0,14.4,2.2,0.11578947368421054,0.7578947368421053
Tangara_schrankii_P41_CAB10_processed,1,0.7155756207674944,317.0,443.0,3.0,445.0,28.38888888888889,30.142857142857142,718.0,18,7,24.791700694444444,Tangara schrankii,P41_CAB10,Tangara schrankii,Tangara_schrankii,P41_CAB10,401.0,19.0,14.4,2.2,0.11578947368421054,0.7578947368421053
Tangara_schrankii_P41_CAB10_processed,2,0.2571912013536379,304.0,1182.0,3.0,1184.0,30.307692307692307,27.666666666666668,440.0,13,6,25.147493055555554,Tangara schrankii,P41_CAB10,Tangara schrankii,Tangara_schrankii,P41_CAB10,401.0,19.0,14.4,2.2,0.11578947368421054,0.7578947368421053
Tangara_schrankii_P41_CAB10_processed,3,0.7082352941176471,301.0,425.0,1.0,425.0,85.5,32.666666666666664,731.0,6,6,25.217106944444442,Tangara schrankii,P41_CAB10,Tangara schrankii,Tangara_schrankii,P41_CAB10,401.0,19.0,14.4,2.2,0.11578947368421054,0.7578947368421053
Tangara_schrankii_P51_MASM12_processed,0,0.7292576419213974,334.0,458.0,1.0,458.0,50.77777777777778,22.22222222222222,783.0,9,9,23.5973375,Tangara schrankii,P51_MASM12,Tangara schrankii,Tangara_schrankii,P51_MASM12,444.0,20.3,15.7,2.5,0.13157894736842105,0.7733990147783251
Tangara_schrankii_P51_MASM12_processed,1,0.6827309236947792,340.0,498.0,12.0,509.0,26.88888888888889,20.363636363636363,732.0,18,11,22.884063194444444,Tangara schrankii,P51_MASM12,Tangara schrankii,Tangara_schrankii,P51_MASM12,444.0,20.3,15.7,2.5,0.13157894736842105,0.7733990147783251
Tangara_schrankii_P51b_MASM12_processed,0,0.6955017301038062,201.0,289.0,1.0,289.0,20.47826086956522,15.333333333333334,739.0,23,15,21.609534027777777,Tangara schrankii,P51b_MASM12,Tangara schrankii,Tangara_schrankii,P51_MASM12,444.0,20.3,15.7,2.5,0.13157894736842105,0.7733990147783251
Tangara_schrankii_P51b_MASM12_processed,1,0.3212669683257919,71.0,221.0,72.0,292.0,41.36363636363637,31.125,736.0,11,8,24.326670833333335,Tangara schrankii,P51b_MASM12,Tangara schrankii,Tangara_schrankii,P51_MASM12,444.0,20.3,15.7,2.5,0.13157894736842105,0.7733990147783251
Tangara_schrankii_P51b_MASM12_processed,2,0.7579617834394905,238.0,314.0,9.0,322.0,62.55555555555556,18.22222222222222,713.0,9,9,25.272360416666668,Tangara schrankii,P51b_MASM12,Tangara schrankii,Tangara_schrankii,P51_MASM12,444.0,20.3,15.7,2.5,0.13157894736842105,0.7733990147783251
Tangara_schrankii_P51b_MASM12_processed,3,0.6816608996539792,197.0,289.0,18.0,306.0,73.42857142857143,25.125,725.0,7,8,25.960808333333333,Tangara schrankii,P51b_MASM12,Tangara schrankii,Tangara_schrankii,P51_MASM12,444.0,20.3,15.7,2.5,0.13157894736842105,0.7733990147783251
Tangara_schrankii_P51b_MASM12_processed,4,0.6807228915662651,113.0,166.0,132.0,297.0,62.111111111111114,15.0,746.0,9,9,25.263213194444447,Tangara schrankii,P51b_MASM12,Tangara schrankii,Tangara_schrankii,P51_MASM12,444.0,20.3,15.7,2.5,0.13157894736842105,0.7733990147783251
Tangara_schrankii_P51b_MASM12_processed,5,0.8267148014440433,229.0,277.0,31.0,307.0,28.666666666666668,13.0,742.0,18,14,20.679902083333335,Tangara schrankii,P51b_MASM12,Tangara schrankii,Tangara_schrankii,P51_MASM12,444.0,20.3,15.7,2.5,0.13157894736842105,0.7733990147783251
Tangara_schrankii_P51b_MASM12_processed,6,0.4838709677419355,120.0,248.0,9.0,256.0,23.25,17.352941176470587,773.0,16,17,23.05337847222222,Tangara schrankii,P51b_MASM12,Tangara schrankii,Tangara_schrankii,P51_MASM12,444.0,20.3,15.7,2.5,0.13157894736842105,0.7733990147783251
Tangara_schrankii_P51b_MASM12_processed,7,0.4440677966101695,131.0,295.0,4.0,298.0,21.41176470588235,19.333333333333332,728.0,17,18,24.674399305555557,Tangara schrankii,P51b_MASM12,Tangara schrankii,Tangara_schrankii,P51_MASM12,444.0,20.3,15.7,2.5,0.13157894736842105,0.7733990147783251
Tangara_schrankii_P51b_MASM12_processed,8,0.4742647058823529,129.0,272.0,4.0,275.0,13.689655172413794,14.095238095238095,747.0,29,21,25.029320833333333,Tangara schrankii,P51b_MASM12,Tangara schrankii,Tangara_schrankii,P51_MASM12,444.0,20.3,15.7,2.5,0.13157894736842105,0.7733990147783251
Tangara_schrankii_P51b_MASM12_processed,9,0.7090163934426229,173.0,244.0,69.0,312.0,23.136363636363637,10.095238095238095,719.0,22,21,24.83623958333333,Tangara schrankii,P51b_MASM12,Tangara schrankii,Tangara_schrankii,P51_MASM12,444.0,20.3,15.7,2.5,0.13157894736842105,0.7733990147783251
Tangara_schrankii_P51b_MASM12_processed,10,0.5635838150289018,195.0,346.0,7.0,352.0,11.72972972972973,9.852941176470589,671.0,37,34,22.413581944444445,Tangara schrankii,P51b_MASM12,Tangara schrankii,Tangara_schrankii,P51_MASM12,444.0,20.3,15.7,2.5,0.13157894736842105,0.7733990147783251
Tangara_schrankii_P51b_MASM12_processed,11,0.35315315315315315,196.0,555.0,55.0,609.0,18.391304347826086,18.705882352941178,349.5,23,17,24.529804861111113,Tangara schrankii,P51b_MASM12,Tangara schrankii,Tangara_schrankii,P51_MASM12,444.0,20.3,15.7,2.5,0.13157894736842105,0.7733990147783251
Tangara_schrankii_P51b_MASM12_processed,12,0.5938697318007663,155.0,261.0,51.0,311.0,25.11111111111111,13.894736842105264,724.0,18,19,22.248897916666667,Tangara schrankii,P51b_MASM12,Tangara schrankii,Tangara_schrankii,P51_MASM12,444.0,20.3,15.7,2.5,0.13157894736842105,0.7733990147783251
Tangara_schrankii_P51b_MASM12_processed,13,0.4461538461538462,116.0,260.0,11.0,270.0,15.047619047619047,25.46153846153846,793.0,21,13,23.365056944444444,Tangara schrankii,P51b_MASM12,Tangara schrankii,Tangara_schrankii,P51_MASM12,444.0,20.3,15.7,2.5,0.13157894736842105,0.7733990147783251
Tangara_schrankii_P51b_MASM12_processed,14,0.18952618453865336,228.0,1203.0,18.0,1220.0,10.25,12.652173913043478,451.5,24,23,22.989895833333332,Tangara schrankii,P51b_MASM12,Tangara schrankii,Tangara_schrankii,P51_MASM12,444.0,20.3,15.7,2.5,0.13157894736842105,0.7733990147783251
Tangara_schrankii_P53a_JAG10_processed,0,0.24488188976377953,311.0,1270.0,13.0,1282.0,30.25,29.5,450.0,12,6,31.990300694444446,Tangara schrankii,P53a_JAG10,Tangara schrankii,Tangara_schrankii,P53_JAG10,497.0,20.2,15.4,2.6,0.1368421052631579,0.7623762376237624
Tangara_schrankii_P53a_JAG10_processed,1,0.6319218241042345,194.0,307.0,80.0,386.0,50.333333333333336,36.75,840.0,9,4,31.51635416666667,Tangara schrankii,P53a_JAG10,Tangara schrankii,Tangara_schrankii,P53_JAG10,497.0,20.2,15.4,2.6,0.1368421052631579,0.7623762376237624
Tangara_schrankii_P53b_JAG10_processed_soloegg,0,0.270985401459854,297.0,1096.0,5.0,1100.0,64.85714285714286,18.333333333333332,438.0,7,6,22.093978472222222,Tangara schrankii,P53b_JAG10,Tangara schrankii,Tangara_schrankii,P53_JAG10,497.0,20.2,15.4,2.6,0.1368421052631579,0.7623762376237624
Tangara_schrankii_P53b_JAG10_processed_soloegg,1,0.702054794520548,205.0,292.0,49.0,340.0,34.714285714285715,32.2,793.0,14,5,21.82933611111111,Tangara schrankii,P53b_JAG10,Tangara schrankii,Tangara_schrankii,P53_JAG10,497.0,20.2,15.4,2.6,0.1368421052631579,0.7623762376237624
Tangara_schrankii_P5B_DOR11_processed,0,0.7717569786535303,470.0,609.0,1.0,609.0,56.22222222222222,19.2,742.0,9,10,23.973910416666666,Tangara schrankii,P5B_DOR11,Tangara schrankii,Tangara_schrankii,P05_JSP13,401.0,19.6,14.9,2.26,0.11894736842105262,0.7602040816326531
Tangara_schrankii_P5B_DOR11_processed,1,0.5223140495867769,316.0,605.0,1.0,605.0,20.41176470588235,20.58823529411765,743.0,17,17,24.057021527777774,Tangara schrankii,P5B_DOR11,Tangara schrankii,Tangara_schrankii,P05_JSP13,401.0,19.6,14.9,2.26,0.11894736842105262,0.7602040816326531
Tangara_schrankii_P5B_DOR11_processed,3,0.40562248995983935,202.0,498.0,105.0,602.0,13.68,18.894736842105264,739.0,25,19,21.046834027777777,Tangara schrankii,P5B_DOR11,Tangara schrankii,Tangara_schrankii,P05_JSP13,401.0,19.6,14.9,2.26,0.11894736842105262,0.7602040816326531
Tangara_schrankii_P6_JMM11_processed,0,0.7717569786535303,470.0,609.0,1.0,609.0,56.22222222222222,19.2,742.0,9,10,23.973910416666666,Tangara schrankii,P6_JMM11,Tangara schrankii,Tangara_schrankii,P16_JMM11,410.0,21.3,15.3,2.6,0.1368421052631579,0.7183098591549296
Tangara_schrankii_P6_JMM11_processed,1,0.5223140495867769,316.0,605.0,1.0,605.0,20.41176470588235,20.58823529411765,743.0,17,17,24.057021527777774,Tangara schrankii,P6_JMM11,Tangara schrankii,Tangara_schrankii,P16_JMM11,410.0,21.3,15.3,2.6,0.1368421052631579,0.7183098591549296
Tangara_schrankii_P6_JMM11_processed,3,0.40562248995983935,202.0,498.0,105.0,602.0,13.68,18.894736842105264,739.0,25,19,21.046834027777777,Tangara schrankii,P6_JMM11,Tangara schrankii,Tangara_schrankii,P16_JMM11,410.0,21.3,15.3,2.6,0.1368421052631579,0.7183098591549296
Tangara_schrankii_P8_JMM11_processed,0,0.7717569786535303,470.0,609.0,1.0,609.0,56.22222222222222,19.2,742.0,9,10,23.973910416666666,Tangara schrankii,P8_JMM11,Tangara schrankii,Tangara_schrankii,P19_JMM11,419.0,20.0,14.7,2.21,0.1163157894736842,0.735
Tangara_schrankii_P8_JMM11_processed,1,0.5223140495867769,316.0,605.0,1.0,605.0,20.41176470588235,20.58823529411765,743.0,17,17,24.057021527777774,Tangara schrankii,P8_JMM11,Tangara schrankii,Tangara_schrankii,P19_JMM11,419.0,20.0,14.7,2.21,0.1163157894736842,0.735
Tangara_schrankii_P8_JMM11_processed,3,0.40562248995983935,202.0,498.0,105.0,602.0,13.68,18.894736842105264,739.0,25,19,21.046834027777777,Tangara schrankii,P8_JMM11,Tangara schrankii,Tangara_schrankii,P19_JMM11,419.0,20.0,14.7,2.21,0.1163157894736842,0.735
Tangara_schrankii_P93a_MASM13_processed,2,0.30288461538461536,378.0,1248.0,77.0,1324.0,65.0,18.0,420.5,7,8,23.22653888888889,Tangara schrankii,P93a_MASM13,Tangara schrankii,Tangara_schrankii,P93_MASM13,459.0,20.5,15.1,2.55,0.13421052631578947,0.7365853658536585
Tangara_schrankii_T16_MAL09_processed,1,0.3333333333333333,9.0,27.0,3.0,29.0,67.5,44.714285714285715,722.0,6,7,19.550945833333333,Tangara schrankii,T16_MAL09,Tangara schrankii,Tangara_schrankii,T24_MAL09,953.0,23.1,16.0,2.95,0.15526315789473685,0.6926406926406926
Tangara_schrankii_T18MAL09_processed,0,0.06635071090047394,42.0,633.0,0.0,632.0,42.0,203.66666666666666,787.0,1,3,21.287384027777776,Tangara schrankii,T18MAL09_processed,Tangara schrankii,Tangara_schrankii,T18_MAL09,950.0,20.1,15.2,2.55,0.13421052631578947,0.7562189054726367
Tangara_schrankii_T18MAL09_processed,1,0.6339144215530903,400.0,631.0,1.0,631.0,67.5,38.833333333333336,802.0,6,6,20.915494444444445,Tangara schrankii,T18MAL09_processed,Tangara schrankii,Tangara_schrankii,T18_MAL09,950.0,20.1,15.2,2.55,0.13421052631578947,0.7562189054726367
Tangara_schrankii_T1b_jag_08_processed_soloegg,0,0.29918032786885246,73.0,244.0,1.0,244.0,30.545454545454547,37.625,803.0,11,8,15.954613194444445,Tangara schrankii,T1b_jag,Tangara schrankii,Tangara_schrankii,T1_JAG08,933.0,21.7,15.2,2.7,0.14210526315789473,0.7004608294930875
Tangara_schrankii_T1b_jag_08_processed_soloegg,1,0.43646408839779005,79.0,181.0,3.0,183.0,16.333333333333332,111.0,676.0,6,6,18.210447222222225,Tangara schrankii,T1b_jag,Tangara schrankii,Tangara_schrankii,T1_JAG08,933.0,21.7,15.2,2.7,0.14210526315789473,0.7004608294930875
Tangara_schrankii_T2_GVC08_processed,0,0.32091097308488614,155.0,483.0,1.0,483.0,16.714285714285715,28.285714285714285,810.0,14,14,20.8362,Tangara schrankii,T2_GVC08,Tangara schrankii,Tangara_schrankii,T2_GVC08,927.0,21.8,15.7,2.8,0.14736842105263157,0.720183486238532
Tangara_schrankii_T2a_sdr08_processed_soloegg,1,0.53584229390681,299.0,558.0,768.0,1325.0,49.833333333333336,37.0,441.0,6,7,20.689759722222224,Tangara schrankii,T2a_sdr08,Tangara schrankii,Tangara_schrankii,T2_SDR08,973.0,21.4,14.7,2.4,0.12631578947368421,0.6869158878504673
Tangara_schrankii_T2b_sdr08_processed,0,0.15266558966074315,189.0,1238.0,43.0,1280.0,38.666666666666664,119.33333333333333,246.0,6,6,21.969920138888888,Tangara schrankii,T2b_sdr08,Tangara schrankii,Tangara_schrankii,T2_SDR08,973.0,21.4,14.7,2.4,0.12631578947368421,0.6869158878504673
Tangara_schrankii_T2b_sdr08_processed,1,0.16778523489932887,200.0,1192.0,28.0,1219.0,19.0,23.75,309.0,12,12,20.83889166666667,Tangara schrankii,T2b_sdr08,Tangara schrankii,Tangara_schrankii,T2_SDR08,973.0,21.4,14.7,2.4,0.12631578947368421,0.6869158878504673
Tangara_schrankii_T6_jah09_processed,5,0.1865955826351866,245.0,1313.0,0.0,1312.0,15.3125,43.36363636363637,359.0,16,11,17.69082986111111,Tangara schrankii,T6_jah09,Tangara schrankii,Tangara_schrankii,T06_JAH09,876.0,19.3,15.2,2.65,0.1394736842105263,0.7875647668393781
Tangara_shrankii_P14_PEP13_processed_soloegg,2,0.3575757575757576,59.0,165.0,2.0,166.0,50.833333333333336,58.285714285714285,727.0,6,7,24.78394861111111,Tangara shrankii,P14_PEP13,Tangara schrankii,Tangara_schrankii,P15_PEP13,366.0,19.8,15.5,2.68,0.14105263157894737,0.7828282828282828
Tangara_shrankii_P14_PEP13_processed_soloegg,3,0.06584992343032159,43.0,653.0,3.0,655.0,78.42857142857143,24.571428571428573,359.5,7,7,36.29126736111111,Tangara shrankii,P14_PEP13,Tangara schrankii,Tangara_schrankii,P15_PEP13,366.0,19.8,15.5,2.68,0.14105263157894737,0.7828282828282828
Tangara_shrankii_P22_JPV11_processed,0,0.7425149700598802,124.0,167.0,15.0,181.0,43.0,23.555555555555557,755.0,11,9,23.94132847222222,Tangara shrankii,P22_JPV11,Tangara schrankii,Tangara_schrankii,P22_JPV11,425.0,20.6,15.5,2.2,0.11578947368421054,0.7524271844660194
Tangara_shrankii_P22_JPV11_processed,1,0.8262910798122066,176.0,213.0,2.0,214.0,74.42857142857143,22.375,740.0,7,8,22.724658333333334,Tangara shrankii,P22_JPV11,Tangara schrankii,Tangara_schrankii,P22_JPV11,425.0,20.6,15.5,2.2,0.11578947368421054,0.7524271844660194
Tangara_shrankii_P22_JPV11_processed,2,0.7357512953367875,142.0,193.0,1.0,193.0,14.45945945945946,13.833333333333334,739.0,37,12,23.44110347222222,Tangara shrankii,P22_JPV11,Tangara schrankii,Tangara_schrankii,P22_JPV11,425.0,20.6,15.5,2.2,0.11578947368421054,0.7524271844660194
Tangara_shrankii_P26_RVA11_processed,1,0.5263157894736842,190.0,361.0,131.0,491.0,95.8,44.8,737.0,5,5,25.518324305555556,Tangara shrankii,P26_RVA11,Tangara schrankii,Tangara_schrankii,P26_RVA11,426.0,19.5,14.8,2.3,0.12105263157894736,0.758974358974359
Tangara_shrankii_P62_CFV11_processed,0,0.7295597484276729,348.0,477.0,65.0,541.0,29.11111111111111,23.0,732.0,18,8,22.938211805555557,Tangara shrankii,P62_CFV11,Tangara schrankii,Tangara_schrankii,P62_CFV11,431.0,22.2,15.1,2.45,0.12894736842105264,0.6801801801801802
Tangara_shrankii_P62_CFV11_processed,1,0.6868475991649269,329.0,479.0,76.0,554.0,57.888888888888886,20.1,718.0,9,10,22.325222222222223,Tangara shrankii,P62_CFV11,Tangara schrankii,Tangara_schrankii,P62_CFV11,431.0,22.2,15.1,2.45,0.12894736842105264,0.6801801801801802
Tangara_shrankii_P6b_JAEC_10_processed,0,0.7478260869565218,86.0,115.0,1.0,115.0,57.5,35.0,770.0,8,6,23.370879861111113,Tangara shrankii,P6b_JAEC,Tangara schrankii,Tangara_schrankii,P6_JAEC10,413.0,19.2,14.3,2.2,0.11578947368421054,0.7447916666666667
Tangara_shrankii_P6b_JAEC_10_processed,1,0.6910569105691057,85.0,123.0,19.0,141.0,60.125,29.125,726.0,8,8,22.304630555555555,Tangara shrankii,P6b_JAEC,Tangara schrankii,Tangara_schrankii,P6_JAEC10,413.0,19.2,14.3,2.2,0.11578947368421054,0.7447916666666667
Tangara_shrankii_P6b_JAEC_10_processed,2,0.42857142857142855,42.0,98.0,4.0,101.0,38.4,57.0,771.0,10,5,24.172668055555555,Tangara shrankii,P6b_JAEC,Tangara schrankii,Tangara_schrankii,P6_JAEC10,413.0,19.2,14.3,2.2,0.11578947368421054,0.7447916666666667
Tangara_shrankii_P6b_JAEC_10_processed,3,0.5078369905956113,162.0,319.0,71.0,389.0,25.11111111111111,20.875,297.5,27,8,22.65779583333333,Tangara shrankii,P6b_JAEC,Tangara schrankii,Tangara_schrankii,P6_JAEC10,413.0,19.2,14.3,2.2,0.11578947368421054,0.7447916666666667
Tangara_shrankii_P6b_JAEC_10_processed,4,0.6180555555555556,89.0,144.0,3.0,146.0,67.71428571428571,39.666666666666664,728.0,7,6,21.31221111111111,Tangara shrankii,P6b_JAEC,Tangara schrankii,Tangara_schrankii,P6_JAEC10,413.0,19.2,14.3,2.2,0.11578947368421054,0.7447916666666667
Tangara_shrankii_P6b_JAEC_10_processed,6,0.859375,55.0,64.0,26.0,89.0,64.875,23.833333333333332,778.0,8,6,24.37764027777778,Tangara shrankii,P6b_JAEC,Tangara schrankii,Tangara_schrankii,P6_JAEC10,413.0,19.2,14.3,2.2,0.11578947368421054,0.7447916666666667
Tangara_shrankii_P6c_JAEC_10_processed,0,0.4375,14.0,32.0,1.0,32.0,79.0,30.833333333333332,860.0,5,6,23.929556944444442,Tangara shrankii,P6c_JAEC,Tangara schrankii,Tangara_schrankii,P6_JAEC10,413.0,19.2,14.3,2.2,0.11578947368421054,0.7447916666666667
Tangara_shrankii_P6c_JAEC_10_processed,1,0.5845070422535211,83.0,142.0,1.0,142.0,52.2,85.8,750.0,5,5,24.201286805555558,Tangara shrankii,P6c_JAEC,Tangara schrankii,Tangara_schrankii,P6_JAEC10,413.0,19.2,14.3,2.2,0.11578947368421054,0.7447916666666667
Tangara_shrankii_P7a_JAG10_processed,0,0.5284552845528455,130.0,246.0,1.0,246.0,61.25,33.8,1026.0,4,5,22.67586111111111,Tangara shrankii,P7a_JAG10,Tangara schrankii,Tangara_schrankii,T8_JAG08,994.0,20.8,14.8,2.35,0.1236842105263158,0.7115384615384616
Tangara_shrankii_P7a_JAG10_processed,1,0.49238578680203043,194.0,394.0,2.0,395.0,62.4,50.333333333333336,826.0,5,6,23.15838263888889,Tangara shrankii,P7a_JAG10,Tangara schrankii,Tangara_schrankii,T8_JAG08,994.0,20.8,14.8,2.35,0.1236842105263158,0.7115384615384616
Tangara_shrankii_P7a_JAG10_processed,2,0.6298701298701299,194.0,308.0,1.0,308.0,66.2,38.0,919.0,5,5,23.200131944444447,Tangara shrankii,P7a_JAG10,Tangara schrankii,Tangara_schrankii,T8_JAG08,994.0,20.8,14.8,2.35,0.1236842105263158,0.7115384615384616
Tangara_shrankii_P7a_JAG10_processed,3,0.5159235668789809,243.0,471.0,28.0,498.0,64.5,52.333333333333336,739.0,6,6,23.696093055555558,Tangara shrankii,P7a_JAG10,Tangara schrankii,Tangara_schrankii,T8_JAG08,994.0,20.8,14.8,2.35,0.1236842105263158,0.7115384615384616
Tangara_shrankii_P7b_JAG10_processed,0,0.7119047619047619,299.0,420.0,71.0,490.0,88.4,35.166666666666664,787.0,5,6,23.574716666666664,Tangara shrankii,P7b_JAG10,Tangara schrankii,Tangara_schrankii,T8_JAG08,994.0,20.8,14.8,2.35,0.1236842105263158,0.7115384615384616
Tangara_shrankii_P7b_JAG10_processed,1,0.31215469613259667,226.0,724.0,2.0,725.0,25.41176470588235,24.0,384.0,17,10,24.113181944444445,Tangara shrankii,P7b_JAG10,Tangara schrankii,Tangara_schrankii,T8_JAG08,994.0,20.8,14.8,2.35,0.1236842105263158,0.7115384615384616
Tangara_shrankii_P7b_JAG10_processed,2,0.7362385321100917,321.0,436.0,3.0,438.0,21.75,11.933333333333334,826.0,20,15,21.210218055555554,Tangara shrankii,P7b_JAG10,Tangara schrankii,Tangara_schrankii,T8_JAG08,994.0,20.8,14.8,2.35,0.1236842105263158,0.7115384615384616
Tangara_shrankii_P7b_JAG10_processed,3,0.6845493562231759,319.0,466.0,35.0,500.0,42.63636363636363,30.142857142857142,760.0,11,7,22.982215277777776,Tangara shrankii,P7b_JAG10,Tangara schrankii,Tangara_schrankii,T8_JAG08,994.0,20.8,14.8,2.35,0.1236842105263158,0.7115384615384616
Tangara_shrankii__T5b_JAG08_processed,0,0.658256880733945,287.0,436.0,1.0,436.0,77.0,36.42857142857143,723.0,6,7,20.51285902777778,Tangara shrankii,T5b_JAG08,Tangara schrankii,Tangara_schrankii,T5_JAG08,964.0,20.7,14.3,2.4,0.12631578947368421,0.6908212560386474
Tangara_shrankii__T5b_JAG08_processed,1,0.48267898383371827,209.0,433.0,0.0,432.0,49.375,35.77777777777778,723.0,8,9,20.765671527777776,Tangara shrankii,T5b_JAG08,Tangara schrankii,Tangara_schrankii,T5_JAG08,964.0,20.7,14.3,2.4,0.12631578947368421,0.6908212560386474
Tangara_shrankii__T5b_JAG08_processed,2,0.6798029556650246,276.0,406.0,35.0,440.0,39.30769230769231,16.0,721.0,13,13,20.074006944444445,Tangara shrankii,T5b_JAG08,Tangara schrankii,Tangara_schrankii,T5_JAG08,964.0,20.7,14.3,2.4,0.12631578947368421,0.6908212560386474
Tangara_shrankii__T5b_JAG08_processed,3,0.7441860465116279,288.0,387.0,55.0,441.0,42.76923076923077,20.22222222222222,702.0,13,9,16.64275,Tangara shrankii,T5b_JAG08,Tangara schrankii,Tangara_schrankii,T5_JAG08,964.0,20.7,14.3,2.4,0.12631578947368421,0.6908212560386474
Tangara_shrankii__T5b_JAG08_processed,5,0.6821917808219178,249.0,365.0,74.0,438.0,54.4,22.375,717.0,10,8,18.575983333333333,Tangara shrankii,T5b_JAG08,Tangara schrankii,Tangara_schrankii,T5_JAG08,964.0,20.7,14.3,2.4,0.12631578947368421,0.6908212560386474
Tangara_shrankii__T5b_JAG08_processed,6,0.6926503340757239,311.0,449.0,0.0,448.0,30.615384615384617,23.285714285714285,716.0,13,14,20.01599375,Tangara shrankii,T5b_JAG08,Tangara schrankii,Tangara_schrankii,T5_JAG08,964.0,20.7,14.3,2.4,0.12631578947368421,0.6908212560386474
Turdus__hauxwelli_SP5_GIO10_NEST_processed,0,0.7598736176935229,481.0,633.0,1.0,633.0,30.9,9.666666666666666,619.0,20,21,19.231884027777777,Turdus hauxwelli,SP5_GIO10,Turdus hauxwelli,Turdus_hauxwelli,P22_LGM13,410.0,24.8,19.8,5.6,0.07777777777777778,0.7983870967741935
Turdus__hauxwelli_SP5_GIO10_NEST_processed,1,0.864,540.0,625.0,2.0,626.0,27.0,6.2,695.0,23,20,17.462897916666666,Turdus hauxwelli,SP5_GIO10,Turdus hauxwelli,Turdus_hauxwelli,P22_LGM13,410.0,24.8,19.8,5.6,0.07777777777777778,0.7983870967741935
Turdus__hauxwelli_SP5_GIO10_NEST_processed,2,0.8491171749598716,529.0,623.0,2.0,624.0,33.666666666666664,7.2631578947368425,696.0,18,19,17.87054861111111,Turdus hauxwelli,SP5_GIO10,Turdus hauxwelli,Turdus_hauxwelli,P22_LGM13,410.0,24.8,19.8,5.6,0.07777777777777778,0.7983870967741935
Turdus__hauxwelli_SP5_GIO10_NEST_processed,3,0.7355679702048417,395.0,537.0,64.0,600.0,13.560975609756097,5.451612903225806,715.0,41,31,17.361951388888887,Turdus hauxwelli,SP5_GIO10,Turdus hauxwelli,Turdus_hauxwelli,P22_LGM13,410.0,24.8,19.8,5.6,0.07777777777777778,0.7983870967741935
Turdus__hauxwelli_SP5_GIO10_NEST_processed,4,0.7171052631578947,436.0,608.0,24.0,631.0,21.0,7.56,726.0,25,25,17.75987222222222,Turdus hauxwelli,SP5_GIO10,Turdus hauxwelli,Turdus_hauxwelli,P22_LGM13,410.0,24.8,19.8,5.6,0.07777777777777778,0.7983870967741935
Turdus_hauxwelli_P79_CFV11_NEST_processed,0,0.8458646616541353,225.0,266.0,1.0,266.0,16.305555555555557,4.8,685.0,36,35,24.25062986111111,Turdus hauxwelli,P79_CFV11,Turdus hauxwelli,Turdus_hauxwelli,P1_SVR11,400.0,27.2,19.8,5.9,0.08194444444444444,0.7279411764705883
Turdus_hauxwelli_P79_CFV11_NEST_processed,1,0.292358803986711,176.0,602.0,12.0,613.0,12.577777777777778,4.434782608695652,335.0,45,46,23.98827986111111,Turdus hauxwelli,P79_CFV11,Turdus hauxwelli,Turdus_hauxwelli,P1_SVR11,400.0,27.2,19.8,5.9,0.08194444444444444,0.7279411764705883
Turdus_hauxwelli_SP13b_MEK10_EGG_processed,0,0.45677233429394815,317.0,694.0,10.0,703.0,21.238095238095237,20.3,588.0,21,20,19.042521527777776,Turdus hauxwelli,SP13b_MEK10,Turdus hauxwelli,Turdus_hauxwelli,P29_IGZ14,510.0,27.7,18.8,5.39,0.0748611111111111,0.6787003610108304
Turdus_hauxwelli_SP13b_MEK10_EGG_processed,1,0.728952772073922,355.0,487.0,40.0,526.0,18.59375,7.566666666666666,618.0,32,30,18.04285972222222,Turdus hauxwelli,SP13b_MEK10,Turdus hauxwelli,Turdus_hauxwelli,P29_IGZ14,510.0,27.7,18.8,5.39,0.0748611111111111,0.6787003610108304
Turdus_hauxwelli_SP13b_MEK10_EGG_processed,2,0.7719714964370546,325.0,421.0,5.0,425.0,17.766666666666666,6.2,721.0,30,30,18.549209027777778,Turdus hauxwelli,SP13b_MEK10,Turdus hauxwelli,Turdus_hauxwelli,P29_IGZ14,510.0,27.7,18.8,5.39,0.0748611111111111,0.6787003610108304
Turdus_hauxwelli_SP13b_MEK10_EGG_processed,3,0.7785388127853882,341.0,438.0,4.0,441.0,23.375,7.291666666666667,704.0,24,24,19.533371527777778,Turdus hauxwelli,SP13b_MEK10,Turdus hauxwelli,Turdus_hauxwelli,P29_IGZ14,510.0,27.7,18.8,5.39,0.0748611111111111,0.6787003610108304
Turdus_hauxwelli_SP13c_MEK10_NEST_processed,0,0.8051470588235294,438.0,544.0,2.0,545.0,21.40740740740741,5.333333333333333,734.0,27,24,19.775127083333334,Turdus hauxwelli,SP13c_MEK10,Turdus hauxwelli,Turdus_hauxwelli,P29_IGZ14,510.0,27.7,18.8,5.39,0.0748611111111111,0.6787003610108304
Turdus_hauxwelli_SP13c_MEK10_NEST_processed,1,0.7838827838827839,428.0,546.0,4.0,549.0,17.545454545454547,5.212121212121212,689.0,33,33,19.842275694444446,Turdus hauxwelli,SP13c_MEK10,Turdus hauxwelli,Turdus_hauxwelli,P29_IGZ14,510.0,27.7,18.8,5.39,0.0748611111111111,0.6787003610108304
Turdus_hauxwelli_SP13c_MEK10_NEST_processed,2,0.8445297504798465,440.0,521.0,21.0,541.0,24.4,5.08,703.0,25,25,20.589613194444446,Turdus hauxwelli,SP13c_MEK10,Turdus hauxwelli,Turdus_hauxwelli,P29_IGZ14,510.0,27.7,18.8,5.39,0.0748611111111111,0.6787003610108304
Turdus_hauxwelli_SP13c_MEK10_NEST_processed,3,0.8888888888888888,448.0,504.0,14.0,517.0,26.0,4.285714285714286,726.0,24,21,19.530350694444447,Turdus hauxwelli,SP13c_MEK10,Turdus hauxwelli,Turdus_hauxwelli,P29_IGZ14,510.0,27.7,18.8,5.39,0.0748611111111111,0.6787003610108304
Turdus_hauxwelli_SP13c_MEK10_NEST_processed,4,0.793168880455408,418.0,527.0,13.0,539.0,21.96153846153846,6.76,700.0,26,25,19.457394444444446,Turdus hauxwelli,SP13c_MEK10,Turdus hauxwelli,Turdus_hauxwelli,P29_IGZ14,510.0,27.7,18.8,5.39,0.0748611111111111,0.6787003610108304
Turdus_hauxwelli_SP13c_MEK10_NEST_processed,5,0.774859287054409,413.0,533.0,20.0,552.0,31.789473684210527,8.0,684.0,19,19,19.72489375,Turdus hauxwelli,SP13c_MEK10,Turdus hauxwelli,Turdus_hauxwelli,P29_IGZ14,510.0,27.7,18.8,5.39,0.0748611111111111,0.6787003610108304
Turdus_hauxwelli_SP13c_MEK10_NEST_processed,6,0.7988721804511278,425.0,532.0,10.0,541.0,24.25,5.95,836.0,20,20,20.91438541666667,Turdus hauxwelli,SP13c_MEK10,Turdus hauxwelli,Turdus_hauxwelli,P29_IGZ14,510.0,27.7,18.8,5.39,0.0748611111111111,0.6787003610108304
Turdus_hauxwelli_SP13c_MEK10_NEST_processed,7,0.8614232209737828,460.0,534.0,20.0,553.0,21.2,4.172413793103448,683.0,30,29,22.12865277777778,Turdus hauxwelli,SP13c_MEK10,Turdus hauxwelli,Turdus_hauxwelli,P29_IGZ14,510.0,27.7,18.8,5.39,0.0748611111111111,0.6787003610108304
Turdus_hauxwelli_SP17_GAC10_EGG_processed_soloegg,0,0.6748251748251748,386.0,572.0,11.0,582.0,20.92,10.272727272727273,691.0,25,22,18.958270833333334,Turdus hauxwelli,SP17_GAC10,Turdus hauxwelli,Turdus_hauxwelli,SP39_GAC10,1277.0,27.0,19.5,5.6,0.07777777777777778,0.7222222222222222
Turdus_hauxwelli_SP17_GAC10_EGG_processed_soloegg,1,0.7451327433628319,421.0,565.0,7.0,571.0,14.486486486486486,6.290322580645161,709.0,37,31,17.23876111111111,Turdus hauxwelli,SP17_GAC10,Turdus hauxwelli,Turdus_hauxwelli,SP39_GAC10,1277.0,27.0,19.5,5.6,0.07777777777777778,0.7222222222222222
Turdus_hauxwelli_SP17_GAC10_EGG_processed_soloegg,2,0.6725352112676056,382.0,568.0,6.0,573.0,17.75,8.222222222222221,721.0,28,27,19.504540972222223,Turdus hauxwelli,SP17_GAC10,Turdus hauxwelli,Turdus_hauxwelli,SP39_GAC10,1277.0,27.0,19.5,5.6,0.07777777777777778,0.7222222222222222
Turdus_hauxwelli_SP17b_GAC10_EGG_processed_soloegg,0,0.7275204359673024,267.0,367.0,3.0,369.0,16.65625,8.217391304347826,718.0,32,23,20.351104166666666,Turdus hauxwelli,SP17b_GAC10,Turdus hauxwelli,Turdus_hauxwelli,SP39_GAC10,1277.0,27.0,19.5,5.6,0.07777777777777778,0.7222222222222222
Turdus_hauxwelli_SP17b_GAC10_EGG_processed_soloegg,1,0.6527777777777778,235.0,360.0,45.0,404.0,12.1,7.928571428571429,734.0,40,28,19.75581111111111,Turdus hauxwelli,SP17b_GAC10,Turdus hauxwelli,Turdus_hauxwelli,SP39_GAC10,1277.0,27.0,19.5,5.6,0.07777777777777778,0.7222222222222222
Turdus_hauxwelli_SP17b_GAC10_EGG_processed_soloegg,2,0.7717391304347826,284.0,368.0,17.0,384.0,21.807692307692307,6.653846153846154,700.0,26,26,19.342008333333332,Turdus hauxwelli,SP17b_GAC10,Turdus hauxwelli,Turdus_hauxwelli,SP39_GAC10,1277.0,27.0,19.5,5.6,0.07777777777777778,0.7222222222222222
Turdus_hauxwelli_SP17b_GAC10_EGG_processed_soloegg,3,0.6978609625668449,261.0,374.0,13.0,386.0,16.142857142857142,6.769230769230769,699.0,35,26,18.333339583333334,Turdus hauxwelli,SP17b_GAC10,Turdus hauxwelli,Turdus_hauxwelli,SP39_GAC10,1277.0,27.0,19.5,5.6,0.07777777777777778,0.7222222222222222
Turdus_hauxwelli_SP17b_GAC10_EGG_processed_soloegg,4,0.7167630057803468,248.0,346.0,7.0,352.0,17.766666666666666,6.142857142857143,735.0,30,28,15.887090277777778,Turdus hauxwelli,SP17b_GAC10,Turdus hauxwelli,Turdus_hauxwelli,SP39_GAC10,1277.0,27.0,19.5,5.6,0.07777777777777778,0.7222222222222222
Turdus_hauxwelli_SP17b_GAC10_EGG_processed_soloegg,5,0.2937062937062937,378.0,1287.0,9.0,1295.0,22.42105263157895,8.6,421.0,19,20,17.01904652777778,Turdus hauxwelli,SP17b_GAC10,Turdus hauxwelli,Turdus_hauxwelli,SP39_GAC10,1277.0,27.0,19.5,5.6,0.07777777777777778,0.7222222222222222
Turdus_hauxwelli_SP48b_MASM09_EGG_processed,0,0.5996978851963746,397.0,662.0,0.0,661.0,24.0,8.409090909090908,387.5,20,22,18.402869444444445,Turdus hauxwelli,SP48b_MASM09,Turdus hauxwelli,Turdus_hauxwelli,SP48_MASM09,1412.0,29.5,20.5,6.8,0.09444444444444444,0.6949152542372882
Turdus_hauxwelli_SP48b_MASM09_EGG_processed,1,0.8151658767772512,516.0,633.0,1.0,633.0,24.391304347826086,10.3125,714.0,23,16,19.18275416666667,Turdus hauxwelli,SP48b_MASM09,Turdus hauxwelli,Turdus_hauxwelli,SP48_MASM09,1412.0,29.5,20.5,6.8,0.09444444444444444,0.6949152542372882
Turdus_hauxwelli_SP48b_MASM09_EGG_processed,2,0.5954887218045113,396.0,665.0,1.0,665.0,20.952380952380953,15.619047619047619,672.0,21,21,18.223119444444446,Turdus hauxwelli,SP48b_MASM09,Turdus hauxwelli,Turdus_hauxwelli,SP48_MASM09,1412.0,29.5,20.5,6.8,0.09444444444444444,0.6949152542372882
Turdus_hauxwelli_SP48b_MASM09_EGG_processed,3,0.3683360258481422,228.0,619.0,1.0,619.0,29.77777777777778,17.6,498.0,9,10,17.827375,Turdus hauxwelli,SP48b_MASM09,Turdus hauxwelli,Turdus_hauxwelli,SP48_MASM09,1412.0,29.5,20.5,6.8,0.09444444444444444,0.6949152542372882
turdus_hauxwelli-sp1-MW12_processed,1,0.7508417508417509,446.0,594.0,26.0,619.0,26.076923076923077,10.652173913043478,517.0,26,23,19.68504791666667,Turdus hauxwelli,sp1_MW12,Turdus hauxwelli,Turdus_hauxwelli,SP1_MW12,1266.0,25.0,20.0,5.72,0.07944444444444444,0.8
turdus_hauxwelli-sp1-MW12_processed,2,0.6728307254623044,473.0,703.0,3.0,705.0,25.391304347826086,11.80952380952381,608.0,23,21,20.347029861111114,Turdus hauxwelli,sp1_MW12,Turdus hauxwelli,Turdus_hauxwelli,SP1_MW12,1266.0,25.0,20.0,5.72,0.07944444444444444,0.8
turdus_hauxwelli-sp1-MW12_processed,3,0.7567567567567568,504.0,666.0,27.0,692.0,23.5,11.105263157894736,665.0,24,19,20.908374305555558,Turdus hauxwelli,sp1_MW12,Turdus hauxwelli,Turdus_hauxwelli,SP1_MW12,1266.0,25.0,20.0,5.72,0.07944444444444444,0.8
turdus_hauxwelli-sp1-MW12_processed,4,0.8196457326892109,509.0,621.0,18.0,638.0,22.846153846153847,6.826086956521739,689.0,26,23,18.535177777777776,Turdus hauxwelli,sp1_MW12,Turdus hauxwelli,Turdus_hauxwelli,SP1_MW12,1266.0,25.0,20.0,5.72,0.07944444444444444,0.8
turdus_hauxwelli-sp1-MW12_processed,5,0.7843450479233227,491.0,626.0,6.0,631.0,25.130434782608695,7.0,694.0,23,24,19.78785486111111,Turdus hauxwelli,sp1_MW12,Turdus hauxwelli,Turdus_hauxwelli,SP1_MW12,1266.0,25.0,20.0,5.72,0.07944444444444444,0.8
turdus_hauxwelli-sp1-MW12_processed,6,0.768621236133122,485.0,631.0,1.0,631.0,23.0,8.173913043478262,700.0,24,23,19.09926875,Turdus hauxwelli,sp1_MW12,Turdus hauxwelli,Turdus_hauxwelli,SP1_MW12,1266.0,25.0,20.0,5.72,0.07944444444444444,0.8
turdus_hauxwelli-sp1-MW12_processed,7,0.7248427672955975,461.0,636.0,2.0,637.0,21.4,8.958333333333334,690.0,25,24,18.462755555555553,Turdus hauxwelli,sp1_MW12,Turdus hauxwelli,Turdus_hauxwelli,SP1_MW12,1266.0,25.0,20.0,5.72,0.07944444444444444,0.8
turdus_hauxwelli-sp1-MW12_processed,8,0.6411483253588517,402.0,627.0,2.0,628.0,16.310344827586206,10.576923076923077,692.0,29,26,19.296140277777777,Turdus hauxwelli,sp1_MW12,Turdus hauxwelli,Turdus_hauxwelli,SP1_MW12,1266.0,25.0,20.0,5.72,0.07944444444444444,0.8
turdus_hauxwelli-sp1-MW12_processed,9,0.6449399656946827,376.0,583.0,17.0,599.0,11.0,8.454545454545455,721.0,40,33,18.534195138888887,Turdus hauxwelli,sp1_MW12,Turdus hauxwelli,Turdus_hauxwelli,SP1_MW12,1266.0,25.0,20.0,5.72,0.07944444444444444,0.8
turdus_hauxwelli-sp1-MW12_processed,10,0.6770491803278689,413.0,610.0,6.0,615.0,12.972972972972974,8.09375,701.0,37,32,18.431206944444444,Turdus hauxwelli,sp1_MW12,Turdus hauxwelli,Turdus_hauxwelli,SP1_MW12,1266.0,25.0,20.0,5.72,0.07944444444444444,0.8
turdus_hauxwelli-sp1-MW12_processed,11,0.7185534591194969,457.0,636.0,32.0,667.0,14.974358974358974,5.105263157894737,662.0,39,38,19.426870833333332,Turdus hauxwelli,sp1_MW12,Turdus hauxwelli,Turdus_hauxwelli,SP1_MW12,1266.0,25.0,20.0,5.72,0.07944444444444444,0.8
turdus_hauxwelli-sp1-MW12_processed,12,0.7522388059701492,504.0,670.0,20.0,689.0,27.333333333333332,8.523809523809524,687.0,21,21,19.014816666666665,Turdus hauxwelli,sp1_MW12,Turdus hauxwelli,Turdus_hauxwelli,SP1_MW12,1266.0,25.0,20.0,5.72,0.07944444444444444,0.8
